command,mean,stddev,median,user,system,min,max
cargo run,0.04782824366721314,0.0021548376398319745,0.0472782297,0.04092565770491803,0.006845747540983607,0.0455242857,0.0611463417
