command,mean,stddev,median,user,system,min,max
Rscript *.R,0.18203558462500005,0.005937486027938044,0.17920085300000002,0.15797088250000002,0.024949374999999996,0.17660472150000003,0.19721548850000004
