command,mean,stddev,median,user,system,min,max
Rscript *.R,0.18093641971250002,0.00488618202430257,0.17929853390000003,0.15753219000000002,0.02435374,0.17585999740000002,0.19084616640000002
