command,mean,stddev,median,user,system,min,max
Rscript *.R,0.1812916497,0.004053821025234671,0.18000173510000003,0.15660593333333334,0.025617859999999996,0.17659471210000002,0.18901130810000003
