command,mean,stddev,median,user,system,min,max
Rscript *.R,1.4458743223000003,0.032339217524504346,1.4305073518,1.3862857000000002,0.05770812000000001,1.4176219303000002,1.5291048433
