command,mean,stddev,median,user,system,min,max
Rscript *.R,1.47850601952,0.04665880166444906,1.4628441141199997,1.4159046199999996,0.06055267999999999,1.4369017441199998,1.56174676812
