command,mean,stddev,median,user,system,min,max
Rscript *.R,1.4099884994999998,0.0148888264413415,1.4050822485999999,1.3545903400000001,0.05379514,1.3981975626,1.4449246626
