command,mean,stddev,median,user,system,min,max
Rscript *.R,1.4988902907400001,0.08536362033999531,1.4688992278400002,1.4327322800000002,0.06478448,1.42233159584,1.72201804584
