command,mean,stddev,median,user,system,min,max
cargo run,0.047943244049677425,0.0016000610100355898,0.04749881584,0.04057088709677418,0.007254311290322581,0.045892589340000005,0.05535274934
