command,mean,stddev,median,user,system,min,max
cargo run,0.048425400133333324,0.001850499501912504,0.0478954216,0.040287396666666676,0.008046615333333333,0.0469678026,0.0589444796
