command,mean,stddev,median,user,system,min,max
cargo run,0.05499243394181819,0.005444688320088588,0.05392547876,0.04663961818181817,0.008234218181818182,0.04702414276,0.07234942376
