command,mean,stddev,median,user,system,min,max
cargo run,0.048204429598032804,0.0017467198700589653,0.04762518868,0.04192518196721311,0.006222365573770491,0.04630928168,0.05327034968
