command,mean,stddev,median,user,system,min,max
cargo run,0.05313891160744186,0.00700170281567587,0.049830476840000006,0.04380742604651164,0.009299834883720931,0.04686583884000001,0.07155440784
