command,mean,stddev,median,user,system,min,max
cargo run,0.04693626103904763,0.0021910559628217155,0.046044682420000003,0.03854565714285713,0.008323878730158727,0.044866484420000005,0.05408847642
