command,mean,stddev,median,user,system,min,max
cargo run,0.045869067571874984,0.0005706666482002959,0.0457648079,0.03800464999999999,0.00781563875,0.0448368659,0.047504709900000004
