command,mean,stddev,median,user,system,min,max
cargo run,0.04723453176363637,0.002038295287717072,0.046708006200000006,0.03837930545454546,0.008808699636363637,0.04482568220000001,0.0543124192
