command,mean,stddev,median,user,system,min,max
cargo run,0.04654251699619049,0.0009201419263966108,0.04635246352,0.039281553015873015,0.007229168888888889,0.04530903152,0.05083174552
