command,mean,stddev,median,user,system,min,max
cargo run,0.04760780375846153,0.0023841976880512017,0.046973996020000006,0.03979997230769229,0.007734290461538462,0.04467063702,0.055288078020000006
